user_id,name,age,city,email,phone_number
U_0001,Dipak Mukherjee,31,Patna,dipak.mukherjee@outlook.com,+91-82773-93064
U_0002,Harish Menon,45,Mysore,harish.menon@gmail.com,+91-99413-17639
U_0003,Ritu Roy,48,Cuttack,ritu.roy62@yahoo.com,+91-99318-98274
U_0004,Subhash Mishra,64,Agartala,subhash.mishra@outlook.com,+91-65458-94882
U_0005,Neha Kumar,56,Dehradun,neha.kumar71@hotmail.com,+91-76758-37988
U_0006,Saurabh Kumar,58,Agra,saurabh.kumar@gmail.com,+91-83649-24150
U_0007,Radha Rao,20,Chennai,radha.rao@yahoo.com,+91-70056-18490
U_0008,Priya Verma,48,Chandigarh,priya.verma@yahoo.com,+91-65353-00636
U_0009,Rakesh Chatterjee,59,Patna,rakesh.chatterjee46@yahoo.com,+91-68240-48968
U_0010,Pooja Singh,56,Agra,pooja.singh@yahoo.com,+91-61420-43762
U_0011,Gaurav Mehta,53,Lucknow,gaurav.mehta@yahoo.com,+91-97547-17275
U_0012,Hiten Chavan,53,Goa,hiten.chavan@hotmail.com,+91-90305-37789
U_0013,Kabir Roy,19,Bokaro,kabir.roy78@yahoo.com,+91-83269-75261
U_0014,Deepak Mishra,56,Cuttack,deepak.mishra46@yahoo.com,+91-69857-77627
U_0015,Anil Mehta,46,Dehradun,anil.mehta@yahoo.com,+91-91557-46488
U_0016,Kumar Roy,34,Jamshedpur,kumar.roy@yahoo.com,+91-68545-34521
U_0017,Tanya Chavan,28,Surat,tanya.chavan@hotmail.com,+91-86315-73339
U_0018,Dipak Chatterjee,56,Kolkata,dipak.chatterjee61@gmail.com,+91-91304-02274
U_0019,Sanjay Mukherjee,63,Guwahati,sanjay.mukherjee@yahoo.com,+91-63758-97121
U_0020,Arun Bose,19,Patna,arun.bose@outlook.com,+91-70311-92480
U_0021,Shruti Shah,34,Nagpur,shruti.shah@outlook.com,+91-96446-22673
U_0022,Sunita Sharma,25,Patiala,sunita.sharma@hotmail.com,+91-66426-85233
U_0023,Pooja Bhatia,45,Varanasi,pooja.bhatia@hotmail.com,+91-81776-59353
U_0024,Pooja Kumar,26,Chandigarh,pooja.kumar@yahoo.com,+91-65582-87191
U_0025,Mahesh Shetty,33,Vijayawada,mahesh.shetty@yahoo.com,+91-92198-40409
U_0026,Kavita Joshi,56,Indore,kavita.joshi@outlook.com,+91-67883-59580
U_0027,Vikram Bhatia,54,Delhi,vikram.bhatia42@gmail.com,+91-93014-70693
U_0028,Madhuri Dutta,30,Kolkata,madhuri.dutta@hotmail.com,+91-95719-36729
U_0029,Ritu Dutta,27,Agartala,ritu.dutta61@outlook.com,+91-91426-50017
U_0030,Dinesh Parekh,58,Pune,dinesh.parekh@outlook.com,+91-62888-30281
U_0031,Kabir Mishra,49,Agartala,kabir.mishra@outlook.com,+91-72232-89429
U_0032,Kavita Shah,33,Pune,kavita.shah@yahoo.com,+91-82140-74012
U_0033,Mahesh Shetty,52,Vijayawada,mahesh.shetty@hotmail.com,+91-89247-25136
U_0034,Ajay Pillai,30,Visakhapatnam,ajay.pillai@gmail.com,+91-96307-20929
U_0035,Lakshmi Nair,33,Visakhapatnam,lakshmi.nair@yahoo.com,+91-61307-22784
U_0036,Sameer Shah,39,Mumbai,sameer.shah@hotmail.com,+91-98059-89474
U_0037,Jay Parekh,51,Pune,jay.parekh@yahoo.com,+91-75099-28464
U_0038,Saurabh Chaudhary,19,Chandigarh,saurabh.chaudhary@yahoo.com,+91-91741-44855
U_0039,Ritu Bhatt,51,Surat,ritu.bhatt@yahoo.com,+91-82141-68553
U_0040,Nithya Shetty,53,Hyderabad,nithya.shetty@hotmail.com,+91-78332-21380
U_0041,Radha Kumar,32,Coimbatore,radha.kumar@outlook.com,+91-66604-36097
U_0042,Vikram Kumar,39,Delhi,vikram.kumar@hotmail.com,+91-74043-74352
U_0043,Sunita Kumar,28,Jaipur,sunita.kumar@outlook.com,+91-70124-23335
U_0044,Bharath Shetty,58,Bangalore,bharath.shetty@outlook.com,+91-87869-58578
U_0045,Anup Das,39,Bokaro,anup.das@outlook.com,+91-86262-32847
U_0046,Harish Iyer,49,Coimbatore,harish.iyer@outlook.com,+91-96939-61699
U_0047,Anand Rao,46,Bangalore,anand.rao@outlook.com,+91-69161-58606
U_0048,Vikram Chaudhary,56,Patiala,vikram.chaudhary@outlook.com,+91-79001-01397
U_0049,Dipak Dutta,25,Cuttack,dipak.dutta@outlook.com,+91-65230-66922
U_0050,Jay Kulkarni,44,Ahmedabad,jay.kulkarni@yahoo.com,+91-93799-50470
U_0051,Sridhar Shetty,23,Thiruvananthapuram,sridhar.shetty29@outlook.com,+91-95138-51639
U_0052,Anil Singh,18,Jaipur,anil.singh@gmail.com,+91-80557-56296
U_0053,Kumar Banerjee,56,Bokaro,kumar.banerjee@hotmail.com,+91-78423-57276
U_0054,Geetha Reddy,26,Chennai,geetha.reddy@outlook.com,+91-76146-45886
U_0055,Shruti Parekh,52,Rajkot,shruti.parekh22@gmail.com,+91-83963-46790
U_0056,Rohini Pillai,43,Visakhapatnam,rohini.pillai@gmail.com,+91-94025-59980
U_0057,Sowmya Kumar,26,Thiruvananthapuram,sowmya.kumar@yahoo.com,+91-65274-05792
U_0058,Dipak Bose,61,Jamshedpur,dipak.bose@yahoo.com,+91-65894-03415
U_0059,Kabir Das,31,Bokaro,kabir.das39@yahoo.com,+91-74072-30735
U_0060,Kiran Kumar,45,Vijayawada,kiran.kumar@hotmail.com,+91-93463-85924
U_0061,Mitali Shah,19,Surat,mitali.shah40@hotmail.com,+91-89344-95000
U_0062,Aakash Gandhi,29,Pune,aakash.gandhi@hotmail.com,+91-75902-69243
U_0063,Anjali Parekh,54,Indore,anjali.parekh@outlook.com,+91-82564-77205
U_0064,Lakshmi Shetty,64,Visakhapatnam,lakshmi.shetty97@outlook.com,+91-82257-81969
U_0065,Sutapa Mukherjee,22,Siliguri,sutapa.mukherjee@yahoo.com,+91-65525-43080
U_0066,Anjali Parekh,60,Vadodara,anjali.parekh@gmail.com,+91-88566-19251
U_0067,Ajay Pillai,34,Madurai,ajay.pillai@hotmail.com,+91-68738-62014
U_0068,Anjali Shah,36,Pune,anjali.shah43@hotmail.com,+91-87063-90661
U_0069,Alok Ghosh,37,Agartala,alok.ghosh29@yahoo.com,+91-95388-27220
U_0070,Nithya Rao,59,Mangalore,nithya.rao58@hotmail.com,+91-66004-97566
U_0071,Suresh Nambiar,58,Visakhapatnam,suresh.nambiar99@gmail.com,+91-83721-65220
U_0072,Priyanka Nambiar,41,Madurai,priyanka.nambiar@hotmail.com,+91-99251-74181
U_0073,Radha Shenoy,51,Mangalore,radha.shenoy@yahoo.com,+91-67343-62997
U_0074,Deepak Mukherjee,37,Agartala,deepak.mukherjee@hotmail.com,+91-82879-08332
U_0075,Neha Chaudhary,48,Chandigarh,neha.chaudhary76@yahoo.com,+91-76163-74356
U_0076,Nithya Menon,25,Chennai,nithya.menon71@outlook.com,+91-87567-24581
U_0077,Rohini Reddy,62,Mangalore,rohini.reddy26@yahoo.com,+91-65120-78191
U_0078,Prachi Shah,51,Pune,prachi.shah@hotmail.com,+91-80836-85214
U_0079,Rohit Saxena,30,Agra,rohit.saxena@outlook.com,+91-66350-56010
U_0080,Geetha Kumar,57,Thiruvananthapuram,geetha.kumar@gmail.com,+91-60710-60886
U_0081,Kajal Bhatia,30,Jalandhar,kajal.bhatia@hotmail.com,+91-93366-42773
U_0082,Rajiv Ghosh,52,Guwahati,rajiv.ghosh@yahoo.com,+91-73195-83912
U_0083,Rohini Nambiar,64,Chennai,rohini.nambiar@yahoo.com,+91-72807-90401
U_0084,Gaurav Mehta,41,Jaipur,gaurav.mehta@outlook.com,+91-91808-33444
U_0085,Sutapa Dutta,55,Siliguri,sutapa.dutta@hotmail.com,+91-63558-84473
U_0086,Dinesh Chavan,30,Rajkot,dinesh.chavan@gmail.com,+91-74720-37089
U_0087,Mahesh Kumar,28,Hyderabad,mahesh.kumar@hotmail.com,+91-96849-06617
U_0088,Deepak Jain,43,Dehradun,deepak.jain@hotmail.com,+91-72720-26379
U_0089,Kunal Bhatt,61,Bhopal,kunal.bhatt49@outlook.com,+91-71165-34472
U_0090,Jay Kulkarni,45,Indore,jay.kulkarni94@yahoo.com,+91-63008-70957
U_0091,Karthik Nambiar,30,Thiruvananthapuram,karthik.nambiar@outlook.com,+91-78673-80168
U_0092,Karthik Iyer,47,Coimbatore,karthik.iyer@outlook.com,+91-83631-23527
U_0093,Kiran Nair,31,Bangalore,kiran.nair@gmail.com,+91-62620-89476
U_0094,Aakash Bhatt,33,Bhopal,aakash.bhatt@hotmail.com,+91-68575-77415
U_0095,Nithya Rao,30,Mysore,nithya.rao@yahoo.com,+91-75857-36746
U_0096,Suresh Nair,33,Madurai,suresh.nair88@outlook.com,+91-63252-25150
U_0097,Sutapa Banerjee,31,Cuttack,sutapa.banerjee@outlook.com,+91-61508-64930
U_0098,Devika Mehta,28,Goa,devika.mehta@outlook.com,+91-64227-23745
U_0099,Kavita Parekh,57,Nagpur,kavita.parekh74@gmail.com,+91-79950-77545
U_0100,Sutapa Chatterjee,42,Siliguri,sutapa.chatterjee26@hotmail.com,+91-73608-55302
U_0101,Neeraj Desai,53,Ahmedabad,neeraj.desai@gmail.com,+91-94349-80122
U_0102,Sameer Joshi,27,Mumbai,sameer.joshi@hotmail.com,+91-89498-96775
U_0103,Sangeeta Mishra,38,Cuttack,sangeeta.mishra@gmail.com,+91-96952-13365
U_0104,Deepak Das,57,Kolkata,deepak.das@outlook.com,+91-98185-58854
U_0105,Saurabh Chaudhary,27,Varanasi,saurabh.chaudhary@yahoo.com,+91-99352-07036
U_0106,Praveen Pillai,36,Madurai,praveen.pillai77@yahoo.com,+91-97016-72798
U_0107,Jay Bhatt,20,Indore,jay.bhatt@yahoo.com,+91-91519-56816
U_0108,Harish Kumar,60,Coimbatore,harish.kumar80@yahoo.com,+91-62458-20393
U_0109,Manoj Sarkar,55,Cuttack,manoj.sarkar31@hotmail.com,+91-83573-10168
U_0110,Nithya Kumar,20,Mangalore,nithya.kumar82@hotmail.com,+91-88063-43326
U_0111,Ritu Patel,43,Pune,ritu.patel@hotmail.com,+91-60424-62801
U_0112,Asha Gupta,28,Jalandhar,asha.gupta@hotmail.com,+91-69865-57720
U_0113,Meera Parekh,47,Goa,meera.parekh95@outlook.com,+91-74275-59076
U_0114,Dipak Sarkar,60,Bhubaneswar,dipak.sarkar@gmail.com,+91-75756-98914
U_0115,Gaurav Chaudhary,50,Jaipur,gaurav.chaudhary@outlook.com,+91-76944-73714
U_0116,Kiran Iyer,63,Thiruvananthapuram,kiran.iyer@outlook.com,+91-65738-58100
U_0117,Sunita Jain,36,Dehradun,sunita.jain@outlook.com,+91-72371-55292
U_0118,Ritu Kulkarni,53,Ahmedabad,ritu.kulkarni@yahoo.com,+91-94381-36668
U_0119,Nithya Kumar,45,Coimbatore,nithya.kumar@hotmail.com,+91-60601-57960
U_0120,Rohini Shetty,22,Madurai,rohini.shetty87@gmail.com,+91-95150-52672
U_0121,Vijay Nambiar,21,Bangalore,vijay.nambiar94@outlook.com,+91-92067-74774
U_0122,Arun Mishra,21,Patna,arun.mishra@yahoo.com,+91-94685-26286
U_0123,Rajiv Dutta,56,Patna,rajiv.dutta48@yahoo.com,+91-68251-24722
U_0124,Dipak Das,28,Siliguri,dipak.das65@outlook.com,+91-78237-08290
U_0125,Manish Kumar,60,Jaipur,manish.kumar33@hotmail.com,+91-96150-89868
U_0126,Kumar Roy,28,Siliguri,kumar.roy@hotmail.com,+91-86575-96004
U_0127,Deepak Sarkar,28,Jamshedpur,deepak.sarkar20@yahoo.com,+91-82782-62038
U_0128,Pooja Mehta,44,Lucknow,pooja.mehta87@hotmail.com,+91-84413-31886
U_0129,Ipsita Banerjee,46,Ranchi,ipsita.banerjee@yahoo.com,+91-74724-46288
U_0130,Rakesh Mukherjee,32,Jamshedpur,rakesh.mukherjee@hotmail.com,+91-89604-11130
U_0131,Vikram Bhatia,32,Lucknow,vikram.bhatia@gmail.com,+91-90412-35673
U_0132,Rohini Rao,37,Vijayawada,rohini.rao@yahoo.com,+91-92060-85493
U_0133,Vikram Singh,19,Dehradun,vikram.singh28@hotmail.com,+91-64694-80613
U_0134,Ipsita Sarkar,46,Bokaro,ipsita.sarkar22@hotmail.com,+91-61612-12874
U_0135,Kiran Nair,39,Hyderabad,kiran.nair69@hotmail.com,+91-89778-29822
U_0136,Kiran Nair,52,Thiruvananthapuram,kiran.nair@gmail.com,+91-69912-68479
U_0137,Praveen Nair,58,Visakhapatnam,praveen.nair@hotmail.com,+91-65482-26685
U_0138,Sandeep Gupta,21,Delhi,sandeep.gupta57@outlook.com,+91-69938-24316
U_0139,Subhash Chatterjee,21,Guwahati,subhash.chatterjee@outlook.com,+91-78716-04299
U_0140,Sutapa Ghosh,20,Kolkata,sutapa.ghosh15@gmail.com,+91-77223-90011
U_0141,Asha Saxena,32,Chandigarh,asha.saxena88@hotmail.com,+91-73438-33855
U_0142,Mahesh Shetty,59,Madurai,mahesh.shetty@yahoo.com,+91-61933-20149
U_0143,Bhavesh Joshi,33,Nagpur,bhavesh.joshi@yahoo.com,+91-97726-27644
U_0144,Siddharth Parekh,21,Surat,siddharth.parekh91@hotmail.com,+91-70604-98660
U_0145,Ritu Das,56,Agartala,ritu.das@hotmail.com,+91-69675-13234
U_0146,Dinesh Mehta,60,Indore,dinesh.mehta@hotmail.com,+91-77028-63494
U_0147,Kiran Menon,53,Bangalore,kiran.menon89@gmail.com,+91-71391-65241
U_0148,Praveen Menon,36,Bangalore,praveen.menon@outlook.com,+91-84180-92194
U_0149,Rakesh Banerjee,41,Patna,rakesh.banerjee@hotmail.com,+91-79593-26839
U_0150,Rohini Shetty,59,Madurai,rohini.shetty@gmail.com,+91-72122-81277
U_0151,Sowmya Rao,24,Madurai,sowmya.rao@hotmail.com,+91-62427-53886
U_0152,Kabir Banerjee,55,Ranchi,kabir.banerjee23@yahoo.com,+91-81176-82423
U_0153,Anil Kumar,25,Patiala,anil.kumar@hotmail.com,+91-92295-12640
U_0154,Devika Desai,64,Pune,devika.desai@gmail.com,+91-64154-11422
U_0155,Nandita Dutta,27,Ranchi,nandita.dutta@gmail.com,+91-71074-74776
U_0156,Kajal Chaudhary,59,Jaipur,kajal.chaudhary@gmail.com,+91-63617-32863
U_0157,Vikram Singh,52,Agra,vikram.singh@yahoo.com,+91-78748-84661
U_0158,Lakshmi Reddy,40,Mangalore,lakshmi.reddy83@outlook.com,+91-93641-08810
U_0159,Anil Bhatia,45,Agra,anil.bhatia@gmail.com,+91-86794-22659
U_0160,Dinesh Chavan,65,Vadodara,dinesh.chavan@yahoo.com,+91-99673-32103
U_0161,Ipsita Bose,55,Bhubaneswar,ipsita.bose22@yahoo.com,+91-80255-04403
U_0162,Lakshmi Rao,25,Mangalore,lakshmi.rao22@outlook.com,+91-62071-68472
U_0163,Deepak Mehta,28,Patiala,deepak.mehta@yahoo.com,+91-87687-57397
U_0164,Sameer Joshi,62,Vadodara,sameer.joshi@yahoo.com,+91-99503-14487
U_0165,Anand Menon,46,Bangalore,anand.menon@gmail.com,+91-82949-70269
U_0166,Rajesh Sharma,27,Chandigarh,rajesh.sharma@yahoo.com,+91-96121-57976
U_0167,Manoj Das,19,Cuttack,manoj.das@outlook.com,+91-97576-91936
U_0168,Prachi Gandhi,43,Ahmedabad,prachi.gandhi@gmail.com,+91-86430-35841
U_0169,Praveen Rao,33,Bangalore,praveen.rao77@hotmail.com,+91-94511-22400
U_0170,Sangeeta Dutta,45,Jamshedpur,sangeeta.dutta@gmail.com,+91-73530-54521
U_0171,Sameer Chavan,30,Goa,sameer.chavan69@outlook.com,+91-82252-75763
U_0172,Rohit Verma,45,Amritsar,rohit.verma@hotmail.com,+91-98157-32581
U_0173,Priya Bhatia,42,Chandigarh,priya.bhatia@yahoo.com,+91-68042-98173
U_0174,Kiran Pillai,38,Mangalore,kiran.pillai@outlook.com,+91-66362-96258
U_0175,Mitali Desai,52,Goa,mitali.desai@yahoo.com,+91-95086-83167
U_0176,Vikram Mehta,34,Lucknow,vikram.mehta@yahoo.com,+91-73888-46262
U_0177,Rohit Chaudhary,55,Patiala,rohit.chaudhary@yahoo.com,+91-66362-28871
U_0178,Vikas Bhatia,29,Patiala,vikas.bhatia@gmail.com,+91-97576-50139
U_0179,Alok Chatterjee,25,Siliguri,alok.chatterjee75@outlook.com,+91-65781-72194
U_0180,Anjali Desai,44,Indore,anjali.desai@gmail.com,+91-88221-01206
U_0181,Aakash Mehta,21,Rajkot,aakash.mehta54@gmail.com,+91-74018-84977
U_0182,Geetha Kumar,38,Mangalore,geetha.kumar62@gmail.com,+91-82108-23562
U_0183,Amit Gupta,23,Agra,amit.gupta@outlook.com,+91-87840-12089
U_0184,Tanya Patel,55,Indore,tanya.patel@hotmail.com,+91-76513-08297
U_0185,Tanya Chavan,42,Ahmedabad,tanya.chavan@yahoo.com,+91-93408-73261
U_0186,Manoj Banerjee,46,Bhubaneswar,manoj.banerjee@outlook.com,+91-82235-64330
U_0187,Ramesh Iyer,19,Mysore,ramesh.iyer@gmail.com,+91-96344-08833
U_0188,Meera Shah,48,Pune,meera.shah@hotmail.com,+91-79953-93458
U_0189,Kiran Nair,58,Thiruvananthapuram,kiran.nair@yahoo.com,+91-87265-93430
U_0190,Mahesh Iyer,24,Chennai,mahesh.iyer@gmail.com,+91-87926-37125
U_0191,Geetha Pillai,35,Madurai,geetha.pillai79@gmail.com,+91-74977-20911
U_0192,Nandita Das Updated,50,Kolkata,nandita.das@yahoo.com,+91-62278-96492
U_0193,Rajesh Mehta,60,Varanasi,rajesh.mehta@gmail.com,+91-64024-04612
U_0194,Deepak Ghosh,53,Cuttack,deepak.ghosh33@hotmail.com,+91-90472-72578
U_0195,Rohit Chaudhary,39,Jalandhar,rohit.chaudhary35@gmail.com,+91-64481-96076
U_0196,Kajal Bhatia,21,Delhi,kajal.bhatia13@outlook.com,+91-64930-29258
U_0197,Vikas Bhatia,43,Jalandhar,vikas.bhatia@gmail.com,+91-61799-27781
U_0198,Shruti Mehta,49,Goa,shruti.mehta55@outlook.com,+91-95463-02196
U_0199,Kumar Bose,45,Guwahati,kumar.bose@hotmail.com,+91-79626-41012
U_0200,Rohit Gupta,57,Delhi,rohit.gupta@outlook.com,+91-61072-57462
U_0201,Kishor Vyavahare,50,Pune,vyavahare.kishor123@gmail.com,+91-22708-29804
